{"cameraMode":{"drawMode":0,"name":"Shaded","section":"Shading Mode"},"sceneLighting":true,"audioPlay":false,"sceneViewState":{"m_AlwaysRefresh":false,"showFog":true,"showSkybox":true,"showFlares":true,"showImageEffects":true,"showParticleSystems":true,"showVisualEffectGraphs":true,"m_FxEnabled":true},"in2DMode":false,"pivot":{"x":-0.2301567941904068,"y":1.0591719150543213,"z":-0.47525256872177126},"rotation":{"x":-0.20635218918323518,"y":0.09319828450679779,"z":-0.01974852941930294,"w":-0.9738282561302185},"size":0.4676062762737274,"orthographic":false}